metric,comparison,n_a,n_b,mean_a,mean_b,t_stat,t_pvalue,var_a,var_b,f_stat,f_pvalue
usdc_basis,pre vs event,4930,4360,0.500513184584179,591.5239243119267,-58.296075562020135,0.0,83.69001387738712,448069.6068255001,0.00018677904638593362,0.0
usdc_basis,event vs post,4360,6429,591.5239243119267,16.429972001866588,56.68856985245722,0.0,448069.6068255001,955.4696950209955,468.95219090716864,0.0
usdc_basis,pre vs post,4930,6429,0.500513184584179,16.429972001866588,-39.14517450489614,2.508013581908578e-306,83.69001387738712,955.4696950209955,0.08759044301823525,0.0
binance_kraken_spread,pre vs event,4930,4360,-0.8400953346855596,-28.788447247706344,6.847776522406312,8.542945602299387e-12,126.84754693755197,72515.09146391094,0.001749257214971328,0.0
binance_kraken_spread,event vs post,4360,6429,-28.788447247706344,1.124510810390433,-7.311223278855286,3.1266540703610107e-13,72515.09146391094,690.7949097054278,104.97340157708051,0.0
binance_kraken_spread,pre vs post,4930,6429,-0.8400953346855596,1.124510810390433,-5.3834009839103105,7.489372813795667e-08,126.84754693755197,690.7949097054278,0.18362548008879065,0.0
