period,usdc_basis,binance_kraken_spread
pre,0.500513184584179,-0.8400953346855596
event,591.5239243119266,-28.788447247706344
post,16.429972001866588,1.124510810390433
