rho,half_life_periods
0.997805983672773,315.57947199201936
