metric,comparison,n_a,n_b,mean_a,mean_b,t_stat,t_pvalue,var_a,var_b,f_stat,f_pvalue
usdc_basis,pre vs event,4911,4352,0.4984280187334582,591.9374471507354,-58.240586762608295,0.0,83.78154897439975,448730.40612740477,0.00018670798285644203,0.0
usdc_basis,event vs post,4352,6413,591.9374471507354,16.433148292530845,56.6351782609059,0.0,448730.40612740477,956.8401508321851,468.97112933349837,0.0
usdc_basis,pre vs post,4911,6413,0.4984280187334582,16.433148292530845,-39.07926618879958,2.4911144392208736e-305,83.78154897439975,956.8401508321851,0.08756065357576506,0.0
eur_basis,pre vs event,4911,4352,133.50335575136867,119.00942171759732,8.10187950740889,6.296461174162337e-16,4247.539277733353,10163.977791874022,0.4179012749446589,2.3148971676300144e-190
eur_basis,event vs post,4352,6413,119.00942171759732,121.03075694831983,-1.1423463603620736,0.25334780631995724,10163.977791874022,5101.624093750889,1.9923023737331296,0.0
eur_basis,pre vs post,4911,6413,133.50335575136867,121.03075694831983,9.67940132293181,4.518591939911102e-22,4247.539277733353,5101.624093750889,0.8325857020583451,1.0602218375895237e-11
binance_kraken_spread,pre vs event,4911,4352,-0.8280574221135818,-28.93120634191169,6.873788192173087,7.136212242180366e-12,126.89053801788351,72633.12518987972,0.0017470064476251355,0.0
binance_kraken_spread,event vs post,4352,6413,-28.93120634191169,1.1380477155777469,-7.336703078136341,2.592387108083751e-13,72633.12518987972,691.6789470925436,105.00988282958645,0.0
binance_kraken_spread,pre vs post,4911,6413,-0.8280574221135818,1.1380477155777469,-5.377137476691843,7.754163858023574e-08,126.89053801788351,691.6789470925436,0.18345294236764753,0.0
