metric,n,mean,std_dev
usdc_basis,15719.0,170.94854189197787,438.8870492431472
binance_kraken_spread,15719.0,-7.788651949869545,143.53578815691085
