period,corr_usd_usdc_returns,corr_binance_kraken_usdc_returns
pre,0.8532173969491749,0.768427653786736
event,0.3867119169269668,0.20736061761175284
post,0.7588906372700387,0.736675637621482
